摘要,应用版本,错误次数,最后发生时间,dSYM UUID,CPU Type,错误堆栈,Symbol 1,Symbol 2,Symbol 3,Symbol 4,Symbol 5,Symbol 6,Symbol 7,Symbol 8,Symbol 9
*** -[NSMutableArray addObjectsFromArray:]: array argument is not an NSArray,1.7.1,8,2018-01-09 14:05:59,89E2F44F-51B3-336E-939E-FB4566E04ECE,arm64,"[""*** -[NSMutableArray addObjectsFromArray:]: array argument is not an NSArray"", ""(null)"", ""(("", ""\t0   CoreFoundation                      0x000000018343637c <redacted> + 148"", ""\t1   libobjc.A.dylib                     0x000000018267c528 objc_exception_throw + 56"", ""\t2   CoreFoundation                      0x00000001833cee9c _CFArgv + 0"", ""\t3   CoreFoundation                      0x0000000183305fac <redacted> + 0"", ""\t4   圣魔无界                        0x100125dbc 圣魔无界 + 1203644"", ""\t5   圣魔无界                        0x1002091f0 圣魔无界 + 2134512"", ""\t6   圣魔无界                        0x10021c164 圣魔无界 + 2212196"", ""\t7   libdispatch.dylib                   0x0000000182db2a54 <redacted> + 24"", ""\t8   libdispatch.dylib                   0x0000000182db2a14 <redacted> + 16"", ""\t9   libdispatch.dylib                   0x0000000182dbf4d8 <redacted> + 568"", ""\t10  CoreFoundation                      0x00000001833de544 <redacted> + 12"", ""\t11  CoreFoundation                      0x00000001833dc120 <redacted> + 2012"", ""\t12  CoreFoundation                      0x00000001832fbe58 CFRunLoopRunSpecific + 436"", ""\t13  GraphicsServices                    0x00000001851a8f84 GSEventRunModal + 100"", ""\t14  UIKit                               0x000000018c97b67c UIApplicationMain + 236"", ""\t15  圣魔无界                        0x1001939d4 圣魔无界 + 1653204"", ""\t16  libdyld.dylib                       0x0000000182e1856c <redacted> + 4"", "")"", """", ""dSYM UUID: 89E2F44F-51B3-336E-939E-FB4566E04ECE"", ""CPU Type: arm64"", ""Slide Address: 0x0000000100000000"", ""Binary Image: 圣魔无界"", ""Base Address: 0x000000010453c000""]",0x100125dbc,0x1002091f0,0x10021c164,0x1001939d4
Application received signal SIGSEGV,1.7.1,6,2018-01-10 03:45:40,89E2F44F-51B3-336E-939E-FB4566E04ECE,arm64,"[""Application received signal SIGSEGV"", ""(null)"", ""(("", ""\t0   CoreFoundation                      0x000000018209a37c <redacted> + 148"", ""\t1   libobjc.A.dylib                     0x00000001812e0528 objc_exception_throw + 56"", ""\t2   CoreFoundation                      0x000000018209a2ac <redacted> + 0"", ""\t3   圣魔无界                        0x100b978a4 圣魔无界 + 12155044"", ""\t4   libsystem_platform.dylib            0x0000000181cbbb40 _sigtramp + 36"", ""\t5   CoreGraphics                        0x000000018390a2c0 CGDataProviderRetainBytePtr + 216"", ""\t6   QuartzCore                          0x0000000185fdc048 <redacted> + 196"", ""\t7   QuartzCore                          0x0000000185fda1a0 <redacted> + 900"", ""\t8   QuartzCore                          0x0000000185fdce60 <redacted> + 472"", ""\t9   QuartzCore                          0x0000000185fdd228 <redacted> + 20"", ""\t10  QuartzCore                          0x00000001860ec1a8 <redacted> + 332"", ""\t11  QuartzCore                          0x000000018604e45c <redacted> + 576"", ""\t12  QuartzCore                          0x0000000186075b90 <redacted> + 540"", ""\t13  QuartzCore                          0x00000001860769d0 <redacted> + 92"", ""\t14  CoreFoundation                      0x0000000182041edc <redacted> + 32"", ""\t15  CoreFoundation                      0x000000018203f894 <redacted> + 412"", ""\t16  CoreFoundation                      0x000000018203fe50 <redacted> + 1292"", ""\t17  CoreFoundation                      0x0000000181f5fe58 CFRunLoopRunSpecific + 436"", ""\t18  GraphicsServices                    0x0000000183e0cf84 GSEventRunModal + 100"", ""\t19  UIKit                               0x000000018b5df67c UIApplicationMain + 236"", ""\t20  圣魔无界                        0x1001939d4 圣魔无界 + 1653204"", ""\t21  libdyld.dylib                       0x0000000181a7c56c <redacted> + 4"", "")"", """", ""dSYM UUID: 89E2F44F-51B3-336E-939E-FB4566E04ECE"", ""CPU Type: arm64"", ""Slide Address: 0x0000000100000000"", ""Binary Image: 圣魔无界"", ""Base Address: 0x00000001042f0000""]",0x100b978a4,0x1001939d4
*** -[NSMutableArray addObjectsFromArray:]: array argument is not an NSArray,1.7.1,4,2018-01-09 06:45:13,89E2F44F-51B3-336E-939E-FB4566E04ECE,arm64,"[""*** -[NSMutableArray addObjectsFromArray:]: array argument is not an NSArray"", ""(null)"", ""(("", ""\t0   CoreFoundation                      0x00000001899461d8 <redacted> + 148"", ""\t1   libobjc.A.dylib                     0x000000018838055c objc_exception_throw + 56"", ""\t2   CoreFoundation                      0x00000001898299c8 <redacted> + 556"", ""\t3   圣魔无界                        0x100125dbc 圣魔无界 + 1203644"", ""\t4   圣魔无界                        0x1002091f0 圣魔无界 + 2134512"", ""\t5   圣魔无界                        0x10021c164 圣魔无界 + 2212196"", ""\t6   libdispatch.dylib                   0x00000001887d1200 <redacted> + 24"", ""\t7   libdispatch.dylib                   0x00000001887d11c0 <redacted> + 16"", ""\t8   libdispatch.dylib                   0x00000001887d5b30 _dispatch_main_queue_callback_4CF + 428"", ""\t9   CoreFoundation                      0x00000001898f3f2c <redacted> + 12"", ""\t10  CoreFoundation                      0x00000001898f1b18 <redacted> + 1660"", ""\t11  CoreFoundation                      0x0000000189820048 CFRunLoopRunSpecific + 444"", ""\t12  GraphicsServices                    0x000000018b2a6198 GSEventRunModal + 180"", ""\t13  UIKit                               0x000000018f80b2fc <redacted> + 684"", ""\t14  UIKit                               0x000000018f806034 UIApplicationMain + 208"", ""\t15  圣魔无界                        0x1001939d4 圣魔无界 + 1653204"", ""\t16  libdyld.dylib                       0x00000001888045b8 <redacted> + 4"", "")"", """", ""dSYM UUID: 89E2F44F-51B3-336E-939E-FB4566E04ECE"", ""CPU Type: arm64"", ""Slide Address: 0x0000000100000000"", ""Binary Image: 圣魔无界"", ""Base Address: 0x0000000100040000""]",0x100125dbc,0x1002091f0,0x10021c164,0x1001939d4
Application received signal SIGABRT,1.7.1,2,2018-01-10 03:04:20,89E2F44F-51B3-336E-939E-FB4566E04ECE,arm64,"[""Application received signal SIGABRT"", ""(null)"", ""(("", ""\t0   CoreFoundation                      0x00000001859591d0 <redacted> + 148"", ""\t1   libobjc.A.dylib                     0x000000018439055c objc_exception_throw + 56"", ""\t2   CoreFoundation                      0x0000000185959100 <redacted> + 0"", ""\t3   圣魔无界                        0x100b978a4 圣魔无界 + 12155044"", ""\t4   libsystem_platform.dylib            0x00000001849e9338 _sigtramp + 36"", ""\t5   libsystem_pthread.dylib             0x00000001849ef450 pthread_kill + 112"", ""\t6   libsystem_c.dylib                   0x000000018489b400 abort + 140"", ""\t7   libsystem_malloc.dylib              0x000000018496ba5c <redacted> + 0"", ""\t8   libsystem_malloc.dylib              0x000000018496cf18 <redacted> + 376"", ""\t9   libsystem_malloc.dylib              0x000000018495f240 malloc_zone_realloc + 180"", ""\t10  Foundation                          0x00000001863aa628 <redacted> + 732"", ""\t11  Foundation                          0x000000018638a44c <redacted> + 376"", ""\t12  CoreFoundation                      0x0000000185881f3c <redacted> + 404"", ""\t13  Foundation                          0x0000000186364af4 _NSDescriptionWithLocaleFunc + 76"", ""\t14  CoreFoundation                      0x000000018591a23c <redacted> + 7996"", ""\t15  CoreFoundation                      0x00000001859182c8 _CFStringCreateWithFormatAndArgumentsAux2 + 244"", ""\t16  Foundation                          0x0000000186364968 <redacted> + 68"", ""\t17  UIKit                               0x000000018c163090 UIViewAlertForUnsatisfiableConstraints + 664"", ""\t18  Foundation                          0x00000001863d94cc <redacted> + 464"", ""\t19  Foundation                          0x00000001863b9df8 <redacted> + 384"", ""\t20  Foundation                          0x00000001863b59c4 <redacted> + 688"", ""\t21  Foundation                          0x00000001863b55cc <redacted> + 284"", ""\t22  Foundation                          0x00000001863b31e0 <redacted> + 272"", ""\t23  UIKit                               0x000000018b90e588 _UIViewEnumerateConstraints + 208"", ""\t24  UIKit                               0x000000018c1594dc <redacted> + 432"", ""\t25  UIKit                               0x000000018c159584 <redacted> + 600"", ""\t26  UIKit                               0x000000018c159584 <redacted> + 600"", ""\t27  UIKit                               0x000000018c15aad8 <redacted> + 716"", ""\t28  Foundation                          0x00000001863b2d10 <redacted> + 168"", ""\t29  UIKit                               0x000000018c15a378 <redacted> + 992"", ""\t30  UIKit                               0x000000018c15b844 <redacted> + 832"", ""\t31  UIKit                               0x000000018b92d9fc <redacted> + 428"", ""\t32  UIKit                               0x000000018b90f40c <redacted> + 48"", ""\t33  UIKit                               0x000000018b90f040 <redacted> + 52"", ""\t34  UIKit                               0x000000018b90eba8 <redacted> + 488"", ""\t35  UIKit                               0x000000018c15f1f8 <redacted> + 116"", ""\t36  UIKit                               0x000000018c15de80 <redacted> + 192"", ""\t37  UIKit                               0x000000018c15e1d0 <redacted> + 632"", ""\t38  Foundation                          0x00000001863b2d10 <redacted> + 168"", ""\t39  UIKit                               0x000000018c15e41c <redacted> + 120"", ""\t40  UIKit                               0x000000018c15e158 <redacted> + 512"", ""\t41  Foundation                          0x00000001863b2d10 <redacted> + 168"", ""\t42  UIKit                               0x000000018c15e974 <redacted> + 84"", ""\t43  UIKit                               0x000000018c15db30 <redacted> + 136"", ""\t44  UIKit                               0x000000018c15e580 <redacted> + 164"", ""\t45  UIKit                               0x000000018c15b6f0 <redacted> + 492"", ""\t46  UIKit                               0x000000018b92d9fc <redacted> + 428"", ""\t47  UIKit                               0x000000018b90f40c <redacted> + 48"", ""\t48  UIKit                               0x000000018b90f040 <redacted> + 52"", ""\t49  UIKit                               0x000000018b90eba8 <redacted> + 488"", ""\t50  UIKit                               0x000000018c15f1f8 <redacted> + 116"", ""\t51  UIKit                               0x000000018c15de80 <redacted> + 192"", ""\t52  UIKit                               0x000000018c15e1d0 <redacted> + 632"", ""\t53  Foundation                          0x00000001863b2d10 <redacted> + 168"", ""\t54  UIKit                               0x000000018c15e41c <redacted> + 120"", ""\t55  UIKit                               0x000000018c15e158 <redacted> + 512"", ""\t56  Foundation                          0x00000001863b2d10 <redacted> + 168"", ""\t57  UIKit                               0x000000018c15e710 <redacted> + 564"", ""\t58  UIKit                               0x000000018c15b6f0 <redacted> + 492"", ""\t59  圣魔无界                        0x1000a7480 圣魔无界 + 685184"", ""\t60  圣魔无界                        0x1000a78c4 圣魔无界 + 686276"", ""\t61  圣魔无界                        0x1000a7b20 圣魔无界 + 686880"", ""\t62  圣魔无界                        0x1000168f4 圣魔无界 + 92404"", ""\t63  UIKit                               0x000000018bb579d4 <redacted> + 108"", ""\t64  UIKit                               0x000000018b92dc20 <redacted> + 332"", ""\t65  UIKit                               0x000000018b8ed478 <redacted> + 2756"", ""\t66  UIKit                               0x000000018bcde374 <redacted> + 348"", ""\t67  UIKit                               0x000000018b8ef874 <redacted> + 144"", ""\t68  UIKit                               0x000000018b8ef79c <redacted> + 136"", ""\t69  UIKit                               0x000000018b8ef188 <redacted> + 1708"", ""\t70  圣魔无界                        0x100015774 圣魔无界 + 87924"", ""\t71  圣魔无界                        0x1002091f0 圣魔无界 + 2134512"", ""\t72  圣魔无界                        0x10021c164 圣魔无界 + 2212196"", ""\t73  libdispatch.dylib                   0x00000001847e21fc <redacted> + 24"", ""\t74  libdispatch.dylib                   0x00000001847e21bc <redacted> + 16"", ""\t75  libdispatch.dylib                   0x00000001847e6b2c _dispatch_main_queue_callback_4CF + 428"", ""\t76  CoreFoundation                      0x0000000185906810 <redacted> + 12"", ""\t77  CoreFoundation                      0x00000001859043fc <redacted> + 1660"", ""\t78  CoreFoundation                      0x00000001858322b8 CFRunLoopRunSpecific + 444"", ""\t79  GraphicsServices                    0x00000001872e6198 GSEventRunModal + 180"", ""\t80  UIKit                               0x000000018b8797fc <redacted> + 684"", ""\t81  UIKit                               0x000000018b874534 UIApplicationMain + 208"", ""\t82  圣魔无界                        0x1001939d4 圣魔无界 + 1653204"", ""\t83  libdyld.dylib                       0x00000001848155b8 <redacted> + 4"", "")"", """", ""dSYM UUID: 89E2F44F-51B3-336E-939E-FB4566E04ECE"", ""CPU Type: arm64"", ""Slide Address: 0x0000000100000000"", ""Binary Image: 圣魔无界"", ""Base Address: 0x00000001000a0000""]",0x100b978a4,0x1000a7480,0x1000a78c4,0x1000a7b20,0x1000168f4,0x100015774,0x1002091f0,0x10021c164,0x1001939d4
Application received signal SIGABRT,1.7.1,2,2018-01-08 01:44:34,89E2F44F-51B3-336E-939E-FB4566E04ECE,arm64,"[""Application received signal SIGABRT"", ""(null)"", ""(("", ""\t0   CoreFoundation                      0x00000001888211d0 <redacted> + 148"", ""\t1   libobjc.A.dylib                     0x000000018725855c objc_exception_throw + 56"", ""\t2   CoreFoundation                      0x0000000188821100 <redacted> + 0"", ""\t3   圣魔无界                        0x100b978a4 圣魔无界 + 12155044"", ""\t4   libsystem_platform.dylib            0x00000001878b1338 _sigtramp + 36"", ""\t5   libsystem_pthread.dylib             0x00000001878b7450 pthread_kill + 112"", ""\t6   libsystem_c.dylib                   0x0000000187763400 abort + 140"", ""\t7   libsystem_malloc.dylib              0x0000000187833a5c <redacted> + 0"", ""\t8   libsystem_malloc.dylib              0x0000000187834f18 <redacted> + 376"", ""\t9   libsystem_malloc.dylib              0x0000000187827240 malloc_zone_realloc + 180"", ""\t10  Foundation                          0x0000000189272628 <redacted> + 732"", ""\t11  Foundation                          0x000000018925244c <redacted> + 376"", ""\t12  CoreFoundation                      0x0000000188749f3c <redacted> + 404"", ""\t13  Foundation                          0x000000018922caf4 _NSDescriptionWithLocaleFunc + 76"", ""\t14  CoreFoundation                      0x00000001887e223c <redacted> + 7996"", ""\t15  CoreFoundation                      0x00000001887e02c8 _CFStringCreateWithFormatAndArgumentsAux2 + 244"", ""\t16  Foundation                          0x000000018922c968 <redacted> + 68"", ""\t17  UIKit                               0x000000018f02b090 UIViewAlertForUnsatisfiableConstraints + 664"", ""\t18  Foundation                          0x00000001892a14cc <redacted> + 464"", ""\t19  Foundation                          0x0000000189281df8 <redacted> + 384"", ""\t20  Foundation                          0x000000018927d9c4 <redacted> + 688"", ""\t21  Foundation                          0x000000018927d5cc <redacted> + 284"", ""\t22  Foundation                          0x000000018927b1e0 <redacted> + 272"", ""\t23  UIKit                               0x000000018e7d6588 _UIViewEnumerateConstraints + 208"", ""\t24  UIKit                               0x000000018f0214dc <redacted> + 432"", ""\t25  UIKit                               0x000000018f021584 <redacted> + 600"", ""\t26  UIKit                               0x000000018f021584 <redacted> + 600"", ""\t27  UIKit                               0x000000018f022ad8 <redacted> + 716"", ""\t28  Foundation                          0x000000018927ad10 <redacted> + 168"", ""\t29  UIKit                               0x000000018f022378 <redacted> + 992"", ""\t30  UIKit                               0x000000018f023844 <redacted> + 832"", ""\t31  UIKit                               0x000000018e7f59fc <redacted> + 428"", ""\t32  UIKit                               0x000000018e7d740c <redacted> + 48"", ""\t33  UIKit                               0x000000018e7d7040 <redacted> + 52"", ""\t34  UIKit                               0x000000018e7d6ba8 <redacted> + 488"", ""\t35  UIKit                               0x000000018f0271f8 <redacted> + 116"", ""\t36  UIKit                               0x000000018f025e80 <redacted> + 192"", ""\t37  UIKit                               0x000000018f0261d0 <redacted> + 632"", ""\t38  Foundation                          0x000000018927ad10 <redacted> + 168"", ""\t39  UIKit                               0x000000018f02641c <redacted> + 120"", ""\t40  UIKit                               0x000000018f026158 <redacted> + 512"", ""\t41  Foundation                          0x000000018927ad10 <redacted> + 168"", ""\t42  UIKit                               0x000000018f026974 <redacted> + 84"", ""\t43  UIKit                               0x000000018f025b30 <redacted> + 136"", ""\t44  UIKit                               0x000000018f026580 <redacted> + 164"", ""\t45  UIKit                               0x000000018f0236f0 <redacted> + 492"", ""\t46  圣魔无界                        0x1000a7480 圣魔无界 + 685184"", ""\t47  圣魔无界                        0x1000a78c4 圣魔无界 + 686276"", ""\t48  圣魔无界                        0x1000a7b20 圣魔无界 + 686880"", ""\t49  圣魔无界                        0x1000168f4 圣魔无界 + 92404"", ""\t50  UIKit                               0x000000018ea1f9d4 <redacted> + 108"", ""\t51  UIKit                               0x000000018e7f5c20 <redacted> + 332"", ""\t52  UIKit                               0x000000018e7b5478 <redacted> + 2756"", ""\t53  UIKit                               0x000000018eba6374 <redacted> + 348"", ""\t54  UIKit                               0x000000018e7b7874 <redacted> + 144"", ""\t55  UIKit                               0x000000018e7b779c <redacted> + 136"", ""\t56  UIKit                               0x000000018e7b7188 <redacted> + 1708"", ""\t57  圣魔无界                        0x100015774 圣魔无界 + 87924"", ""\t58  圣魔无界                        0x1002091f0 圣魔无界 + 2134512"", ""\t59  圣魔无界                        0x10021c164 圣魔无界 + 2212196"", ""\t60  libdispatch.dylib                   0x00000001876aa1fc <redacted> + 24"", ""\t61  libdispatch.dylib                   0x00000001876aa1bc <redacted> + 16"", ""\t62  libdispatch.dylib                   0x00000001876aeb2c _dispatch_main_queue_callback_4CF + 428"", ""\t63  CoreFoundation                      0x00000001887ce810 <redacted> + 12"", ""\t64  CoreFoundation                      0x00000001887cc3fc <redacted> + 1660"", ""\t65  CoreFoundation                      0x00000001886fa2b8 CFRunLoopRunSpecific + 444"", ""\t66  GraphicsServices                    0x000000018a1ae198 GSEventRunModal + 180"", ""\t67  UIKit                               0x000000018e7417fc <redacted> + 684"", ""\t68  UIKit                               0x000000018e73c534 UIApplicationMain + 208"", ""\t69  圣魔无界                        0x1001939d4 圣魔无界 + 1653204"", ""\t70  libdyld.dylib                       0x00000001876dd5b8 <redacted> + 4"", "")"", """", ""dSYM UUID: 89E2F44F-51B3-336E-939E-FB4566E04ECE"", ""CPU Type: arm64"", ""Slide Address: 0x0000000100000000"", ""Binary Image: 圣魔无界"", ""Base Address: 0x00000001000d0000""]",0x100b978a4,0x1000a7480,0x1000a78c4,0x1000a7b20,0x1000168f4,0x100015774,0x1002091f0,0x10021c164,0x1001939d4
Application received signal SIGSEGV,1.7.1,2,2018-01-08 16:15:21,89E2F44F-51B3-336E-939E-FB4566E04ECE,arm64,"[""Application received signal SIGSEGV"", ""(null)"", ""(("", ""\t0   CoreFoundation                      0x000000018d236ff8 <redacted> + 148"", ""\t1   libobjc.A.dylib                     0x000000018bc98538 objc_exception_throw + 56"", ""\t2   CoreFoundation                      0x000000018d236f28 <redacted> + 0"", ""\t3   圣魔无界                        0x100b978a4 圣魔无界 + 12155044"", ""\t4   libsystem_platform.dylib            0x000000018c2f530c _sigtramp + 36"", ""\t5   圣魔无界                        0x100bbf80c 圣魔无界 + 12318732"", ""\t6   圣魔无界                        0x100bb10c4 圣魔无界 + 12259524"", ""\t7   圣魔无界                        0x100bade38 圣魔无界 + 12246584"", ""\t8   圣魔无界                        0x100082b1c 圣魔无界 + 535324"", ""\t9   UIKit                               0x00000001935f3c28 <redacted> + 752"", ""\t10  UIKit                               0x00000001935f36b0 <redacted> + 644"", ""\t11  UIKit                               0x00000001935fc474 <redacted> + 6260"", ""\t12  UIKit                               0x0000000193600634 <redacted> + 2352"", ""\t13  UIKit                               0x00000001935ffa90 <redacted> + 448"", ""\t14  UIKit                               0x00000001935eb0ec <redacted> + 152"", ""\t15  UIKit                               0x00000001935ead68 <redacted> + 892"", ""\t16  UIKit                               0x0000000193925360 <redacted> + 464"", ""\t17  FrontBoardServices                  0x000000018edb322c <redacted> + 208"", ""\t18  FrontBoardServices                  0x000000018ede0884 <redacted> + 36"", ""\t19  FrontBoardServices                  0x000000018ede06f0 <redacted> + 176"", ""\t20  FrontBoardServices                  0x000000018ede0aa0 <redacted> + 56"", ""\t21  CoreFoundation                      0x000000018d1e542c <redacted> + 24"", ""\t22  CoreFoundation                      0x000000018d1e4d9c <redacted> + 540"", ""\t23  CoreFoundation                      0x000000018d1e29a8 <redacted> + 744"", ""\t24  CoreFoundation                      0x000000018d112da4 CFRunLoopRunSpecific + 424"", ""\t25  GraphicsServices                    0x000000018eb7d074 GSEventRunModal + 100"", ""\t26  UIKit                               0x00000001933cdc9c UIApplicationMain + 208"", ""\t27  圣魔无界                        0x1001939d4 圣魔无界 + 1653204"", ""\t28  libdyld.dylib                       0x000000018c12159c <redacted> + 4"", "")"", """", ""dSYM UUID: 89E2F44F-51B3-336E-939E-FB4566E04ECE"", ""CPU Type: arm64"", ""Slide Address: 0x0000000100000000"", ""Binary Image: 圣魔无界"", ""Base Address: 0x00000001000d0000""]",0x100b978a4,0x100bbf80c,0x100bb10c4,0x100bade38,0x100082b1c,0x1001939d4
"attempt to scroll to invalid index path: <NSIndexPath: 0xc000000000800016> {length = 2, path = 0 - 4}",1.7.1,2,2018-01-08 22:29:30,89E2F44F-51B3-336E-939E-FB4566E04ECE,arm64,"[""attempt to scroll to invalid index path: <NSIndexPath: 0xc000000000800016> {length = 2, path = 0 - 4}"", ""(null)"", ""(("", ""\t0   CoreFoundation                      0x000000018107637c <redacted> + 148"", ""\t1   libobjc.A.dylib                     0x00000001802bc528 objc_exception_throw + 56"", ""\t2   CoreFoundation                      0x00000001810762ac <redacted> + 0"", ""\t3   UIKit                               0x000000018afec628 <redacted> + 224"", ""\t4   UIKit                               0x000000018afeccbc <redacted> + 72"", ""\t5   圣魔无界                        0x100a25e38 圣魔无界 + 10640952"", ""\t6   圣魔无界                        0x100a2540c 圣魔无界 + 10638348"", ""\t7   libdispatch.dylib                   0x00000001809f2a54 <redacted> + 24"", ""\t8   libdispatch.dylib                   0x00000001809f2a14 <redacted> + 16"", ""\t9   libdispatch.dylib                   0x00000001809ff698 <redacted> + 1016"", ""\t10  CoreFoundation                      0x000000018101e544 <redacted> + 12"", ""\t11  CoreFoundation                      0x000000018101c120 <redacted> + 2012"", ""\t12  CoreFoundation                      0x0000000180f3be58 CFRunLoopRunSpecific + 436"", ""\t13  GraphicsServices                    0x0000000182de8f84 GSEventRunModal + 100"", ""\t14  UIKit                               0x000000018a5bb67c UIApplicationMain + 236"", ""\t15  圣魔无界                        0x1001939d4 圣魔无界 + 1653204"", ""\t16  libdyld.dylib                       0x0000000180a5856c <redacted> + 4"", "")"", """", ""dSYM UUID: 89E2F44F-51B3-336E-939E-FB4566E04ECE"", ""CPU Type: arm64"", ""Slide Address: 0x0000000100000000"", ""Binary Image: 圣魔无界"", ""Base Address: 0x000000010018c000""]",0x100a25e38,0x100a2540c,0x1001939d4
*** -[NSMutableArray addObjectsFromArray:]: array argument is not an NSArray,1.7.1,2,2018-01-10 01:08:32,89E2F44F-51B3-336E-939E-FB4566E04ECE,arm64,"[""*** -[NSMutableArray addObjectsFromArray:]: array argument is not an NSArray"", ""(null)"", ""(("", ""\t0   CoreFoundation                      0x0000000181c9a37c <redacted> + 148"", ""\t1   libobjc.A.dylib                     0x0000000180ee0528 objc_exception_throw + 56"", ""\t2   CoreFoundation                      0x0000000181c32e9c _CFArgv + 0"", ""\t3   CoreFoundation                      0x0000000181b69fac <redacted> + 0"", ""\t4   圣魔无界                        0x100125dbc 圣魔无界 + 1203644"", ""\t5   圣魔无界                        0x1002091f0 圣魔无界 + 2134512"", ""\t6   圣魔无界                        0x10021c164 圣魔无界 + 2212196"", ""\t7   libdispatch.dylib                   0x0000000181616a54 <redacted> + 24"", ""\t8   libdispatch.dylib                   0x0000000181616a14 <redacted> + 16"", ""\t9   libdispatch.dylib                   0x0000000181657acc <redacted> + 532"", ""\t10  CoreFoundation                      0x0000000181c42544 <redacted> + 12"", ""\t11  CoreFoundation                      0x0000000181c40120 <redacted> + 2012"", ""\t12  CoreFoundation                      0x0000000181b5fe58 CFRunLoopRunSpecific + 436"", ""\t13  GraphicsServices                    0x0000000183a0cf84 GSEventRunModal + 100"", ""\t14  UIKit                               0x000000018b1df67c UIApplicationMain + 236"", ""\t15  圣魔无界                        0x1001939d4 圣魔无界 + 1653204"", ""\t16  libdyld.dylib                       0x000000018167c56c <redacted> + 4"", "")"", """", ""dSYM UUID: 89E2F44F-51B3-336E-939E-FB4566E04ECE"", ""CPU Type: arm64"", ""Slide Address: 0x0000000100000000"", ""Binary Image: 圣魔无界"", ""Base Address: 0x0000000100938000""]",0x100125dbc,0x1002091f0,0x10021c164,0x1001939d4
*** -[__NSArrayM objectAtIndex:]: index 1 beyond bounds for empty array,1.7.1,1,2018-01-08 23:48:50,89E2F44F-51B3-336E-939E-FB4566E04ECE,arm64,"[""*** -[__NSArrayM objectAtIndex:]: index 1 beyond bounds for empty array"", ""(null)"", ""(("", ""\t0   CoreFoundation                      0x000000018cf1d1d0 <redacted> + 148"", ""\t1   libobjc.A.dylib                     0x000000018b95455c objc_exception_throw + 56"", ""\t2   CoreFoundation                      0x000000018cdf871c <redacted> + 0"", ""\t3   圣魔无界                        0x100136958 圣魔无界 + 1272152"", ""\t4   UIKit                               0x0000000192f00484 <redacted> + 1424"", ""\t5   UIKit                               0x0000000192fb0f34 <redacted> + 268"", ""\t6   UIKit                               0x0000000193063fdc <redacted> + 292"", ""\t7   UIKit                               0x0000000193055d50 <redacted> + 560"", ""\t8   UIKit                               0x0000000192dc50b4 <redacted> + 168"", ""\t9   CoreFoundation                      0x000000018ceca0c0 <redacted> + 32"", ""\t10  CoreFoundation                      0x000000018cec7cf0 <redacted> + 372"", ""\t11  CoreFoundation                      0x000000018cec8180 <redacted> + 1024"", ""\t12  CoreFoundation                      0x000000018cdf62b8 CFRunLoopRunSpecific + 444"", ""\t13  GraphicsServices                    0x000000018e8aa198 GSEventRunModal + 180"", ""\t14  UIKit                               0x0000000192e3d7fc <redacted> + 684"", ""\t15  UIKit                               0x0000000192e38534 UIApplicationMain + 208"", ""\t16  圣魔无界                        0x1001939d4 圣魔无界 + 1653204"", ""\t17  libdyld.dylib                       0x000000018bdd95b8 <redacted> + 4"", "")"", """", ""dSYM UUID: 89E2F44F-51B3-336E-939E-FB4566E04ECE"", ""CPU Type: arm64"", ""Slide Address: 0x0000000100000000"", ""Binary Image: 圣魔无界"", ""Base Address: 0x000000010003c000""]",0x100136958,0x1001939d4
Application received signal SIGABRT,1.7.1,1,2018-01-08 00:57:08,89E2F44F-51B3-336E-939E-FB4566E04ECE,arm64,"[""Application received signal SIGABRT"", ""(null)"", ""(("", ""\t0   CoreFoundation                      0x00000001918e11d0 <redacted> + 148"", ""\t1   libobjc.A.dylib                     0x000000019031855c objc_exception_throw + 56"", ""\t2   CoreFoundation                      0x00000001918e1100 <redacted> + 0"", ""\t3   圣魔无界                        0x100b978a4 圣魔无界 + 12155044"", ""\t4   libsystem_platform.dylib            0x0000000190971338 _sigtramp + 36"", ""\t5   libsystem_pthread.dylib             0x0000000190977450 pthread_kill + 112"", ""\t6   libsystem_c.dylib                   0x0000000190823400 abort + 140"", ""\t7   libsystem_malloc.dylib              0x00000001908f3a5c <redacted> + 0"", ""\t8   libsystem_malloc.dylib              0x00000001908f4f18 <redacted> + 376"", ""\t9   libsystem_malloc.dylib              0x00000001908e7240 malloc_zone_realloc + 180"", ""\t10  Foundation                          0x0000000192332628 <redacted> + 732"", ""\t11  Foundation                          0x000000019231244c <redacted> + 376"", ""\t12  CoreFoundation                      0x0000000191809f3c <redacted> + 404"", ""\t13  Foundation                          0x00000001922ecaf4 _NSDescriptionWithLocaleFunc + 76"", ""\t14  CoreFoundation                      0x00000001918a223c <redacted> + 7996"", ""\t15  CoreFoundation                      0x00000001918a02c8 _CFStringCreateWithFormatAndArgumentsAux2 + 244"", ""\t16  Foundation                          0x00000001922ec968 <redacted> + 68"", ""\t17  UIKit                               0x00000001980eb090 UIViewAlertForUnsatisfiableConstraints + 664"", ""\t18  Foundation                          0x00000001923614cc <redacted> + 464"", ""\t19  Foundation                          0x000000019233f0c0 <redacted> + 584"", ""\t20  Foundation                          0x00000001924f36c8 <redacted> + 320"", ""\t21  Foundation                          0x000000019233eddc <redacted> + 112"", ""\t22  Foundation                          0x00000001924f3e64 <redacted> + 60"", ""\t23  Foundation                          0x0000000192344c30 <redacted> + 288"", ""\t24  Foundation                          0x0000000192344abc <redacted> + 444"", ""\t25  Foundation                          0x000000019233a2b8 <redacted> + 380"", ""\t26  Foundation                          0x0000000192339e5c <redacted> + 476"", ""\t27  Foundation                          0x0000000192339c44 <redacted> + 92"", ""\t28  UIKit                               0x000000019789bb90 <redacted> + 516"", ""\t29  UIKit                               0x000000019789b8f4 <redacted> + 116"", ""\t30  UIKit                               0x000000019779028c <redacted> + 1064"", ""\t31  UIKit                               0x00000001978769b4 <redacted> + 172"", ""\t32  UIKit                               0x00000001978745ac <redacted> + 512"", ""\t33  UIKit                               0x000000019786d4a8 <redacted> + 772"", ""\t34  UIKit                               0x000000019787ab34 <redacted> + 256"", ""\t35  UIKit                               0x0000000197a8abd8 <redacted> + 476"", ""\t36  UIKit                               0x00000001977ad3f0 <redacted> + 136"", ""\t37  UIKit                               0x000000019815d6e0 <redacted> + 52"", ""\t38  CoreFoundation                      0x00000001917cd414 <redacted> + 132"", ""\t39  CoreFoundation                      0x00000001917cd310 <redacted> + 312"", ""\t40  UIKit                               0x000000019779c178 <redacted> + 152"", ""\t41  UIKit                               0x0000000197898754 <redacted> + 108"", ""\t42  UIKit                               0x0000000197a908b4 <redacted> + 900"", ""\t43  UIKit                               0x0000000197793a80 <redacted> + 1196"", ""\t44  QuartzCore                          0x0000000194c419d8 <redacted> + 148"", ""\t45  QuartzCore                          0x0000000194c364cc <redacted> + 292"", ""\t46  QuartzCore                          0x0000000194c3638c <redacted> + 32"", ""\t47  QuartzCore                          0x0000000194bb33e0 <redacted> + 252"", ""\t48  QuartzCore                          0x0000000194bdaa68 <redacted> + 512"", ""\t49  QuartzCore                          0x0000000194bdb488 <redacted> + 120"", ""\t50  CoreFoundation                      0x000000019188e0c0 <redacted> + 32"", ""\t51  CoreFoundation                      0x000000019188bcf0 <redacted> + 372"", ""\t52  CoreFoundation                      0x000000019188c180 <redacted> + 1024"", ""\t53  CoreFoundation                      0x00000001917ba2b8 CFRunLoopRunSpecific + 444"", ""\t54  GraphicsServices                    0x000000019326e198 GSEventRunModal + 180"", ""\t55  UIKit                               0x00000001978017fc <redacted> + 684"", ""\t56  UIKit                               0x00000001977fc534 UIApplicationMain + 208"", ""\t57  圣魔无界                        0x1001939d4 圣魔无界 + 1653204"", ""\t58  libdyld.dylib                       0x000000019079d5b8 <redacted> + 4"", "")"", """", ""dSYM UUID: 89E2F44F-51B3-336E-939E-FB4566E04ECE"", ""CPU Type: arm64"", ""Slide Address: 0x0000000100000000"", ""Binary Image: 圣魔无界"", ""Base Address: 0x0000000100050000""]",0x100b978a4,0x1001939d4
Application received signal SIGABRT,1.7.1,1,2018-01-08 16:38:42,89E2F44F-51B3-336E-939E-FB4566E04ECE,arm64,"[""Application received signal SIGABRT"", ""(null)"", ""(("", ""\t0   CoreFoundation                      0x0000000184b1c1d8 <redacted> + 148"", ""\t1   libobjc.A.dylib                     0x000000018355455c objc_exception_throw + 56"", ""\t2   CoreFoundation                      0x0000000184b1c108 <redacted> + 0"", ""\t3   圣魔无界                        0x100b978a4 圣魔无界 + 12155044"", ""\t4   libsystem_platform.dylib            0x0000000183bab338 _sigtramp + 36"", ""\t5   libsystem_pthread.dylib             0x0000000183bb1460 pthread_kill + 112"", ""\t6   libsystem_c.dylib                   0x0000000183a5e3f4 abort + 140"", ""\t7   libsystem_malloc.dylib              0x0000000183b2ea38 <redacted> + 0"", ""\t8   libsystem_malloc.dylib              0x0000000183b2fdb8 <redacted> + 220"", ""\t9   CoreFoundation                      0x0000000184acbe8c <redacted> + 1264"", ""\t10  Foundation                          0x0000000185568c48 <redacted> + 252"", ""\t11  BaseBoard                           0x0000000186621e84 <redacted> + 652"", ""\t12  BaseBoard                           0x00000001866227f4 <redacted> + 20"", ""\t13  BackBoardServices                   0x0000000186670d34 BKSHIDSetEventFocusDeferrals + 76"", ""\t14  BackBoardServices                   0x000000018666f798 <redacted> + 328"", ""\t15  BackBoardServices                   0x000000018666f3d8 <redacted> + 168"", ""\t16  libdispatch.dylib                   0x00000001839a5200 <redacted> + 24"", ""\t17  libdispatch.dylib                   0x00000001839a51c0 <redacted> + 16"", ""\t18  libdispatch.dylib                   0x00000001839a9d6c _dispatch_main_queue_callback_4CF + 1000"", ""\t19  CoreFoundation                      0x0000000184ac9f2c <redacted> + 12"", ""\t20  CoreFoundation                      0x0000000184ac7b18 <redacted> + 1660"", ""\t21  CoreFoundation                      0x00000001849f6048 CFRunLoopRunSpecific + 444"", ""\t22  圣魔无界                        0x100b97548 圣魔无界 + 12154184"", ""\t23  Foundation                          0x00000001856026ec <redacted> + 340"", ""\t24  CoreFoundation                      0x0000000184aca278 <redacted> + 24"", ""\t25  CoreFoundation                      0x0000000184ac9bc0 <redacted> + 524"", ""\t26  CoreFoundation                      0x0000000184ac77c0 <redacted> + 804"", ""\t27  CoreFoundation                      0x00000001849f6048 CFRunLoopRunSpecific + 444"", ""\t28  GraphicsServices                    0x0000000186479198 GSEventRunModal + 180"", ""\t29  UIKit                               0x000000018a9d0628 <redacted> + 684"", ""\t30  UIKit                               0x000000018a9cb360 UIApplicationMain + 208"", ""\t31  圣魔无界                        0x1001939d4 圣魔无界 + 1653204"", ""\t32  libdyld.dylib                       0x00000001839d85b8 <redacted> + 4"", "")"", """", ""dSYM UUID: 89E2F44F-51B3-336E-939E-FB4566E04ECE"", ""CPU Type: arm64"", ""Slide Address: 0x0000000100000000"", ""Binary Image: 圣魔无界"", ""Base Address: 0x0000000100058000""]",0x100b978a4,0x100b97548,0x1001939d4
Application received signal SIGSEGV,1.7.1,1,2018-01-08 17:23:55,89E2F44F-51B3-336E-939E-FB4566E04ECE,arm64,"[""Application received signal SIGSEGV"", ""(null)"", ""(("", ""\t0   CoreFoundation                      0x000000018109237c <redacted> + 148"", ""\t1   libobjc.A.dylib                     0x00000001802d8528 objc_exception_throw + 56"", ""\t2   CoreFoundation                      0x00000001810922ac <redacted> + 0"", ""\t3   圣魔无界                        0x100b978a4 圣魔无界 + 12155044"", ""\t4   libsystem_platform.dylib            0x0000000180cb3b40 _sigtramp + 36"", ""\t5   UIKit                               0x000000018a9e8d88 <redacted> + 440"", ""\t6   UIKit                               0x000000018a9e90f8 <redacted> + 36"", ""\t7   UIKit                               0x000000018a9e922c <redacted> + 176"", ""\t8   UIKit                               0x000000018a68dcf8 <redacted> + 340"", ""\t9   UIKit                               0x000000018b28fc88 <redacted> + 68"", ""\t10  UIKit                               0x000000018a9dec90 <redacted> + 68"", ""\t11  UIKit                               0x000000018a59d1e8 <redacted> + 368"", ""\t12  UIKit                               0x000000018a59af60 <redacted> + 880"", ""\t13  UIKit                               0x000000018a59a04c <redacted> + 76"", ""\t14  UIKit                               0x000000018a67a2a4 <redacted> + 280"", ""\t15  UIKit                               0x000000018a67a17c <redacted> + 132"", ""\t16  UIKit                               0x000000018a7ae53c <redacted> + 264"", ""\t17  CoreFoundation                      0x000000018102433c <redacted> + 20"", ""\t18  CoreFoundation                      0x00000001810238dc <redacted> + 420"", ""\t19  CoreFoundation                      0x0000000181023640 <redacted> + 60"", ""\t20  CoreFoundation                      0x00000001810a1024 <redacted> + 1408"", ""\t21  CoreFoundation                      0x0000000180f59f60 _CFXNotificationPost + 380"", ""\t22  Foundation                          0x0000000181987348 <redacted> + 68"", ""\t23  UIKit                               0x000000018a7ae08c <redacted> + 232"", ""\t24  UIKit                               0x000000018aa74a30 <redacted> + 1396"", ""\t25  UIKit                               0x000000018b1f97d0 <redacted> + 260"", ""\t26  UIKit                               0x000000018b1f9674 <redacted> + 448"", ""\t27  UIKit                               0x000000018af672dc <redacted> + 220"", ""\t28  UIKit                               0x000000018b1003dc _performActionsWithDelayForTransitionContext + 112"", ""\t29  UIKit                               0x000000018af6718c <redacted> + 252"", ""\t30  UIKit                               0x000000018ad4b78c <redacted> + 364"", ""\t31  UIKit                               0x000000018abed2d4 <redacted> + 468"", ""\t32  FrontBoardServices                  0x0000000183756ca4 <redacted> + 212"", ""\t33  libdispatch.dylib                   0x0000000180a0ea14 <redacted> + 16"", ""\t34  libdispatch.dylib                   0x0000000180a16200 <redacted> + 288"", ""\t35  FrontBoardServices                  0x000000018378a7f8 <redacted> + 36"", ""\t36  FrontBoardServices                  0x000000018378a49c <redacted> + 404"", ""\t37  FrontBoardServices                  0x000000018378aa38 <redacted> + 56"", ""\t38  CoreFoundation                      0x000000018103a97c <redacted> + 24"", ""\t39  CoreFoundation                      0x000000018103a8fc <redacted> + 88"", ""\t40  CoreFoundation                      0x000000018103a184 <redacted> + 204"", ""\t41  CoreFoundation                      0x0000000181037d5c <redacted> + 1048"", ""\t42  CoreFoundation                      0x0000000180f57e58 CFRunLoopRunSpecific + 436"", ""\t43  GraphicsServices                    0x0000000182e04f84 GSEventRunModal + 100"", ""\t44  UIKit                               0x000000018a5d767c UIApplicationMain + 236"", ""\t45  圣魔无界                        0x1001939d4 圣魔无界 + 1653204"", ""\t46  libdyld.dylib                       0x0000000180a7456c <redacted> + 4"", "")"", """", ""dSYM UUID: 89E2F44F-51B3-336E-939E-FB4566E04ECE"", ""CPU Type: arm64"", ""Slide Address: 0x0000000100000000"", ""Binary Image: 圣魔无界"", ""Base Address: 0x0000000104d74000""]",0x100b978a4,0x1001939d4
*** -[NSMutableArray addObjectsFromArray:]: array argument is not an NSArray,1.7.1,1,2018-01-09 15:53:21,89E2F44F-51B3-336E-939E-FB4566E04ECE,arm64,"[""*** -[NSMutableArray addObjectsFromArray:]: array argument is not an NSArray"", ""(null)"", ""(("", ""\t0   CoreFoundation                      0x000000018c9eaff8 <redacted> + 148"", ""\t1   libobjc.A.dylib                     0x000000018b44c538 objc_exception_throw + 56"", ""\t2   CoreFoundation                      0x000000018c8d0738 <redacted> + 552"", ""\t3   圣魔无界                        0x100125dbc 圣魔无界 + 1203644"", ""\t4   圣魔无界                        0x1002091f0 圣魔无界 + 2134512"", ""\t5   圣魔无界                        0x10021c164 圣魔无界 + 2212196"", ""\t6   libdispatch.dylib                   0x000000018b8a29e0 <redacted> + 24"", ""\t7   libdispatch.dylib                   0x000000018b8a29a0 <redacted> + 16"", ""\t8   libdispatch.dylib                   0x000000018b8a73c0 _dispatch_main_queue_callback_4CF + 444"", ""\t9   CoreFoundation                      0x000000018c9990c8 <redacted> + 12"", ""\t10  CoreFoundation                      0x000000018c996ce4 <redacted> + 1572"", ""\t11  CoreFoundation                      0x000000018c8c6da4 CFRunLoopRunSpecific + 424"", ""\t12  GraphicsServices                    0x000000018e331074 GSEventRunModal + 100"", ""\t13  UIKit                               0x0000000192b81c9c UIApplicationMain + 208"", ""\t14  圣魔无界                        0x1001939d4 圣魔无界 + 1653204"", ""\t15  libdyld.dylib                       0x000000018b8d559c <redacted> + 4"", "")"", """", ""dSYM UUID: 89E2F44F-51B3-336E-939E-FB4566E04ECE"", ""CPU Type: arm64"", ""Slide Address: 0x0000000100000000"", ""Binary Image: 圣魔无界"", ""Base Address: 0x00000001000bc000""]",0x100125dbc,0x1002091f0,0x10021c164,0x1001939d4
request for index path for global index 6191747125891 when there are only 106 items in the collection view,1.7.1,1,2018-01-08 17:22:19,89E2F44F-51B3-336E-939E-FB4566E04ECE,arm64,"[""request for index path for global index 6191747125891 when there are only 106 items in the collection view"", ""(null)"", ""(("", ""\t0   CoreFoundation                      0x0000000182d1adc8 <redacted> + 148"", ""\t1   libobjc.A.dylib                     0x000000018237ff80 objc_exception_throw + 56"", ""\t2   CoreFoundation                      0x0000000182d1ac80 <redacted> + 0"", ""\t3   Foundation                          0x00000001836a0154 <redacted> + 112"", ""\t4   UIKit                               0x00000001880640fc <redacted> + 304"", ""\t5   UIKit                               0x0000000188063054 <redacted> + 560"", ""\t6   UIKit                               0x0000000188062e0c <redacted> + 352"", ""\t7   UIKit                               0x00000001886ccdb4 <redacted> + 2568"", ""\t8   UIKit                               0x00000001886cb0d4 <redacted> + 12588"", ""\t9   UIKit                               0x0000000188060da0 <redacted> + 364"", ""\t10  圣魔无界                        0x100a24104 圣魔无界 + 10633476"", ""\t11  libdispatch.dylib                   0x00000001827654bc <redacted> + 24"", ""\t12  libdispatch.dylib                   0x000000018276547c <redacted> + 16"", ""\t13  libdispatch.dylib                   0x000000018276ab84 _dispatch_main_queue_callback_4CF + 1844"", ""\t14  CoreFoundation                      0x0000000182cd0d50 <redacted> + 12"", ""\t15  CoreFoundation                      0x0000000182ccebb8 <redacted> + 1628"", ""\t16  CoreFoundation                      0x0000000182bf8c50 CFRunLoopRunSpecific + 384"", ""\t17  GraphicsServices                    0x00000001844e0088 GSEventRunModal + 180"", ""\t18  UIKit                               0x0000000187ee6088 UIApplicationMain + 204"", ""\t19  圣魔无界                        0x1001939d4 圣魔无界 + 1653204"", ""\t20  libdyld.dylib                       0x00000001827968b8 <redacted> + 4"", "")"", """", ""dSYM UUID: 89E2F44F-51B3-336E-939E-FB4566E04ECE"", ""CPU Type: arm64"", ""Slide Address: 0x0000000100000000"", ""Binary Image: 圣魔无界"", ""Base Address: 0x000000010003c000""]",0x100a24104,0x1001939d4
Application received signal SIGABRT,1.7.1,1,2018-01-08 00:48:16,89E2F44F-51B3-336E-939E-FB4566E04ECE,arm64,"[""Application received signal SIGABRT"", ""(null)"", ""(("", ""\t0   CoreFoundation                      0x000000018f4d51d0 <redacted> + 148"", ""\t1   libobjc.A.dylib                     0x000000018df0c55c objc_exception_throw + 56"", ""\t2   CoreFoundation                      0x000000018f4d5100 <redacted> + 0"", ""\t3   圣魔无界                        0x100b978a4 圣魔无界 + 12155044"", ""\t4   libsystem_platform.dylib            0x000000018e565338 _sigtramp + 36"", ""\t5   libsystem_pthread.dylib             0x000000018e56b450 pthread_kill + 112"", ""\t6   libsystem_c.dylib                   0x000000018e417400 abort + 140"", ""\t7   libsystem_malloc.dylib              0x000000018e4e7a5c <redacted> + 0"", ""\t8   libsystem_malloc.dylib              0x000000018e4e8f18 <redacted> + 376"", ""\t9   libsystem_malloc.dylib              0x000000018e4db240 malloc_zone_realloc + 180"", ""\t10  Foundation                          0x000000018ff26628 <redacted> + 732"", ""\t11  Foundation                          0x000000018ff0644c <redacted> + 376"", ""\t12  CoreFoundation                      0x000000018f3fdf3c <redacted> + 404"", ""\t13  Foundation                          0x000000018fee0af4 _NSDescriptionWithLocaleFunc + 76"", ""\t14  CoreFoundation                      0x000000018f49623c <redacted> + 7996"", ""\t15  CoreFoundation                      0x000000018f4942c8 _CFStringCreateWithFormatAndArgumentsAux2 + 244"", ""\t16  Foundation                          0x000000018fee0968 <redacted> + 68"", ""\t17  UIKit                               0x0000000195cdf090 UIViewAlertForUnsatisfiableConstraints + 664"", ""\t18  Foundation                          0x000000018ff554cc <redacted> + 464"", ""\t19  Foundation                          0x000000018ff35df8 <redacted> + 384"", ""\t20  Foundation                          0x000000018ff319c4 <redacted> + 688"", ""\t21  Foundation                          0x000000018ff315cc <redacted> + 284"", ""\t22  Foundation                          0x000000018ff2f1e0 <redacted> + 272"", ""\t23  UIKit                               0x000000019548a588 _UIViewEnumerateConstraints + 208"", ""\t24  UIKit                               0x0000000195cd54dc <redacted> + 432"", ""\t25  UIKit                               0x0000000195cd5584 <redacted> + 600"", ""\t26  UIKit                               0x0000000195cd5584 <redacted> + 600"", ""\t27  UIKit                               0x0000000195cd6ad8 <redacted> + 716"", ""\t28  Foundation                          0x000000018ff2ed10 <redacted> + 168"", ""\t29  UIKit                               0x0000000195cd6378 <redacted> + 992"", ""\t30  UIKit                               0x0000000195cd7844 <redacted> + 832"", ""\t31  UIKit                               0x00000001954a99fc <redacted> + 428"", ""\t32  UIKit                               0x000000019548b40c <redacted> + 48"", ""\t33  UIKit                               0x000000019548b040 <redacted> + 52"", ""\t34  UIKit                               0x000000019548aba8 <redacted> + 488"", ""\t35  UIKit                               0x0000000195cdb1f8 <redacted> + 116"", ""\t36  UIKit                               0x0000000195cd9e80 <redacted> + 192"", ""\t37  UIKit                               0x0000000195cda1d0 <redacted> + 632"", ""\t38  Foundation                          0x000000018ff2ed10 <redacted> + 168"", ""\t39  UIKit                               0x0000000195cda41c <redacted> + 120"", ""\t40  UIKit                               0x0000000195cda158 <redacted> + 512"", ""\t41  Foundation                          0x000000018ff2ed10 <redacted> + 168"", ""\t42  UIKit                               0x0000000195cda974 <redacted> + 84"", ""\t43  UIKit                               0x0000000195cd9b30 <redacted> + 136"", ""\t44  UIKit                               0x0000000195cda580 <redacted> + 164"", ""\t45  UIKit                               0x0000000195cd76f0 <redacted> + 492"", ""\t46  圣魔无界                        0x1000a7480 圣魔无界 + 685184"", ""\t47  圣魔无界                        0x1000a78c4 圣魔无界 + 686276"", ""\t48  圣魔无界                        0x1000a7b20 圣魔无界 + 686880"", ""\t49  圣魔无界                        0x100040570 圣魔无界 + 263536"", ""\t50  UIKit                               0x00000001956d39d4 <redacted> + 108"", ""\t51  UIKit                               0x00000001954a9c20 <redacted> + 332"", ""\t52  UIKit                               0x0000000195469478 <redacted> + 2756"", ""\t53  UIKit                               0x000000019585a374 <redacted> + 348"", ""\t54  UIKit                               0x000000019546b874 <redacted> + 144"", ""\t55  UIKit                               0x000000019546b79c <redacted> + 136"", ""\t56  UIKit                               0x000000019546b188 <redacted> + 1708"", ""\t57  圣魔无界                        0x10003fb54 圣魔无界 + 260948"", ""\t58  圣魔无界                        0x1002091f0 圣魔无界 + 2134512"", ""\t59  圣魔无界                        0x10021c164 圣魔无界 + 2212196"", ""\t60  libdispatch.dylib                   0x000000018e35e1fc <redacted> + 24"", ""\t61  libdispatch.dylib                   0x000000018e35e1bc <redacted> + 16"", ""\t62  libdispatch.dylib                   0x000000018e362b2c _dispatch_main_queue_callback_4CF + 428"", ""\t63  CoreFoundation                      0x000000018f482810 <redacted> + 12"", ""\t64  CoreFoundation                      0x000000018f4803fc <redacted> + 1660"", ""\t65  CoreFoundation                      0x000000018f3ae2b8 CFRunLoopRunSpecific + 444"", ""\t66  GraphicsServices                    0x0000000190e62198 GSEventRunModal + 180"", ""\t67  UIKit                               0x00000001953f57fc <redacted> + 684"", ""\t68  UIKit                               0x00000001953f0534 UIApplicationMain + 208"", ""\t69  圣魔无界                        0x1001939d4 圣魔无界 + 1653204"", ""\t70  libdyld.dylib                       0x000000018e3915b8 <redacted> + 4"", "")"", """", ""dSYM UUID: 89E2F44F-51B3-336E-939E-FB4566E04ECE"", ""CPU Type: arm64"", ""Slide Address: 0x0000000100000000"", ""Binary Image: 圣魔无界"", ""Base Address: 0x00000001000e4000""]",0x100b978a4,0x1000a7480,0x1000a78c4,0x1000a7b20,0x100040570,0x10003fb54,0x1002091f0,0x10021c164,0x1001939d4
Application received signal SIGABRT,1.7.1,1,2018-01-08 22:13:29,89E2F44F-51B3-336E-939E-FB4566E04ECE,arm64,"[""Application received signal SIGABRT"", ""(null)"", ""(("", ""\t0   CoreFoundation                      0x000000019340d1d0 <redacted> + 148"", ""\t1   libobjc.A.dylib                     0x0000000191e4455c objc_exception_throw + 56"", ""\t2   CoreFoundation                      0x000000019340d100 <redacted> + 0"", ""\t3   圣魔无界                        0x100b978a4 圣魔无界 + 12155044"", ""\t4   libsystem_platform.dylib            0x000000019249d338 _sigtramp + 36"", ""\t5   libsystem_pthread.dylib             0x00000001924a3450 pthread_kill + 112"", ""\t6   libsystem_c.dylib                   0x000000019234f400 abort + 140"", ""\t7   libsystem_malloc.dylib              0x000000019241fa5c <redacted> + 0"", ""\t8   libsystem_malloc.dylib              0x0000000192421028 <redacted> + 648"", ""\t9   libsystem_malloc.dylib              0x0000000192413240 malloc_zone_realloc + 180"", ""\t10  CoreFoundation                      0x0000000193323e54 <redacted> + 3392"", ""\t11  CoreFoundation                      0x0000000193325680 <redacted> + 816"", ""\t12  CoreFoundation                      0x0000000193324368 <redacted> + 4692"", ""\t13  CoreFoundation                      0x0000000193325680 <redacted> + 816"", ""\t14  CoreFoundation                      0x0000000193323680 <redacted> + 1388"", ""\t15  CoreFoundation                      0x0000000193322f68 <redacted> + 2744"", ""\t16  CoreFoundation                      0x00000001932e0adc <redacted> + 1044"", ""\t17  CoreFoundation                      0x000000019330ab94 CFPropertyListCreateWithData + 100"", ""\t18  AudioToolbox                        0x0000000196586d94 <redacted> + 64"", ""\t19  AudioToolbox                        0x00000001962153d8 <redacted> + 32"", ""\t20  AudioToolbox                        0x0000000196215324 <redacted> + 132"", ""\t21  AudioToolbox                        0x0000000196581e60 <redacted> + 148"", ""\t22  AudioToolbox                        0x000000019642bab0 <redacted> + 528"", ""\t23  AudioToolbox                        0x000000019630e34c <redacted> + 52"", ""\t24  AudioToolbox                        0x0000000196585ba4 <redacted> + 244"", ""\t25  CoreFoundation                      0x00000001933bb218 <redacted> + 56"", ""\t26  CoreFoundation                      0x00000001933ba9cc <redacted> + 436"", ""\t27  CoreFoundation                      0x00000001933b84b0 <redacted> + 1840"", ""\t28  CoreFoundation                      0x00000001932e62b8 CFRunLoopRunSpecific + 444"", ""\t29  AVFAudio                            0x00000001acddfd24 <redacted> + 164"", ""\t30  AVFAudio                            0x00000001ace05d9c <redacted> + 84"", ""\t31  libsystem_pthread.dylib             0x00000001924a1850 <redacted> + 240"", ""\t32  libsystem_pthread.dylib             0x00000001924a1760 <redacted> + 0"", ""\t33  libsystem_pthread.dylib             0x000000019249ed94 thread_start + 4"", "")"", """", ""dSYM UUID: 89E2F44F-51B3-336E-939E-FB4566E04ECE"", ""CPU Type: arm64"", ""Slide Address: 0x0000000100000000"", ""Binary Image: 圣魔无界"", ""Base Address: 0x000000010000c000""]",0x100b978a4
Application received signal SIGSEGV,1.7.1,1,2018-01-08 01:14:28,89E2F44F-51B3-336E-939E-FB4566E04ECE,arm64,"[""Application received signal SIGSEGV"", ""(null)"", ""(("", ""\t0   CoreFoundation                      0x00000001833de5b8 <redacted> + 160"", ""\t1   libobjc.A.dylib                     0x0000000193b280e4 objc_exception_throw + 60"", ""\t2   CoreFoundation                      0x00000001833de4dc <redacted> + 0"", ""\t3   圣魔无界                        0x100b978a4 圣魔无界 + 12155044"", ""\t4   libsystem_platform.dylib            0x000000019434494c _sigtramp + 52"", ""\t5   UIKit                               0x0000000187c75220 <redacted> + 184"", ""\t6   UIKit                               0x0000000187b89310 <redacted> + 720"", ""\t7   UIKit                               0x0000000187b89310 <redacted> + 720"", ""\t8   UIKit                               0x0000000187b889e0 <redacted> + 144"", ""\t9   Foundation                          0x0000000184211908 <redacted> + 176"", ""\t10  UIKit                               0x0000000187b888a0 <redacted> + 452"", ""\t11  UIKit                               0x0000000187b943a0 <redacted> + 1764"", ""\t12  UIKit                               0x0000000187c800b0 <redacted> + 1228"", ""\t13  UIKit                               0x0000000187cc4128 <redacted> + 1536"", ""\t14  UIKit                               0x0000000187cc39f0 <redacted> + 360"", ""\t15  UIKit                               0x0000000187d8d5c4 <redacted> + 312"", ""\t16  UIKit                               0x0000000187bc1418 <redacted> + 96"", ""\t17  UIKit                               0x0000000187d8d430 <redacted> + 468"", ""\t18  UIKit                               0x0000000187bc1418 <redacted> + 96"", ""\t19  UIKit                               0x0000000187baa52c <redacted> + 612"", ""\t20  UIKit                               0x0000000187d8d068 <redacted> + 128"", ""\t21  UIKit                               0x0000000187bc1418 <redacted> + 96"", ""\t22  UIKit                               0x0000000187baa52c <redacted> + 612"", ""\t23  UIKit                               0x0000000187bc0db4 <redacted> + 592"", ""\t24  UIKit                               0x0000000187bc0a40 <redacted> + 700"", ""\t25  UIKit                               0x0000000187bb9f94 <redacted> + 684"", ""\t26  UIKit                               0x0000000187b8d68c <redacted> + 264"", ""\t27  UIKit                               0x0000000187e2c60c <redacted> + 14992"", ""\t28  UIKit                               0x0000000187b8bbf4 <redacted> + 1616"", ""\t29  CoreFoundation                      0x00000001833969ec <redacted> + 24"", ""\t30  CoreFoundation                      0x0000000183395c90 <redacted> + 264"", ""\t31  CoreFoundation                      0x0000000183393d40 <redacted> + 712"", ""\t32  CoreFoundation                      0x00000001832c10a4 CFRunLoopRunSpecific + 396"", ""\t33  GraphicsServices                    0x000000018c45b5a4 GSEventRunModal + 168"", ""\t34  UIKit                               0x0000000187bf2aa4 UIApplicationMain + 1488"", ""\t35  圣魔无界                        0x1001939d4 圣魔无界 + 1653204"", ""\t36  libdyld.dylib                       0x0000000194196a08 <redacted> + 4"", "")"", """", ""dSYM UUID: 89E2F44F-51B3-336E-939E-FB4566E04ECE"", ""CPU Type: arm64"", ""Slide Address: 0x0000000100000000"", ""Binary Image: 圣魔无界"", ""Base Address: 0x0000000100064000""]",0x100b978a4,0x1001939d4
Application received signal SIGSEGV,1.7.1,1,2018-01-10 01:15:29,89E2F44F-51B3-336E-939E-FB4566E04ECE,arm64,"[""Application received signal SIGSEGV"", ""(null)"", ""(("", ""\t0   CoreFoundation                      0x0000000180f51918 <redacted> + 148"", ""\t1   libobjc.A.dylib                     0x00000001805bff80 objc_exception_throw + 56"", ""\t2   CoreFoundation                      0x0000000180f51848 <redacted> + 0"", ""\t3   圣魔无界                        0x100b978a4 圣魔无界 + 12155044"", ""\t4   libsystem_platform.dylib            0x0000000180bb593c _sigtramp + 52"", ""\t5   圣魔无界                        0x100a4f7f4 圣魔无界 + 10811380"", ""\t6   CoreFoundation                      0x0000000180ef6fc4 <redacted> + 20"", ""\t7   CoreFoundation                      0x0000000180ef67e4 <redacted> + 396"", ""\t8   CoreFoundation                      0x0000000180ef6564 <redacted> + 60"", ""\t9   CoreFoundation                      0x0000000180f5bde4 <redacted> + 1532"", ""\t10  CoreFoundation                      0x0000000180e370f4 _CFXNotificationPost + 368"", ""\t11  Foundation                          0x0000000181841844 <redacted> + 988"", ""\t12  Foundation                          0x00000001818456a0 <redacted> + 144"", ""\t13  圣魔无界                        0x100a5cc80 圣魔无界 + 10865792"", ""\t14  CFNetwork                           0x00000001816ba6ec <redacted> + 80"", ""\t15  CFNetwork                           0x00000001816ba67c <redacted> + 200"", ""\t16  CFNetwork                           0x00000001816ba7f0 <redacted> + 56"", ""\t17  CFNetwork                           0x000000018152731c <redacted> + 100"", ""\t18  CFNetwork                           0x0000000181614e7c <redacted> + 108"", ""\t19  libdispatch.dylib                   0x00000001809a55f0 <redacted> + 16"", ""\t20  libdispatch.dylib                   0x00000001809ae92c <redacted> + 540"", ""\t21  CFNetwork                           0x0000000181513a88 <redacted> + 36"", ""\t22  CoreFoundation                      0x0000000180e350ac CFArrayApplyFunction + 68"", ""\t23  CFNetwork                           0x000000018151396c <redacted> + 136"", ""\t24  CFNetwork                           0x000000018151382c <redacted> + 312"", ""\t25  CFNetwork                           0x0000000181513658 <redacted> + 68"", ""\t26  CoreFoundation                      0x0000000180f08efc <redacted> + 24"", ""\t27  CoreFoundation                      0x0000000180f08990 <redacted> + 540"", ""\t28  CoreFoundation                      0x0000000180f06690 <redacted> + 724"", ""\t29  CoreFoundation                      0x0000000180e35680 CFRunLoopRunSpecific + 384"", ""\t30  GraphicsServices                    0x0000000182344088 GSEventRunModal + 180"", ""\t31  UIKit                               0x0000000185cacd90 UIApplicationMain + 204"", ""\t32  圣魔无界                        0x1001939d4 圣魔无界 + 1653204"", ""\t33  libdyld.dylib                       0x00000001809d68b8 <redacted> + 4"", "")"", """", ""dSYM UUID: 89E2F44F-51B3-336E-939E-FB4566E04ECE"", ""CPU Type: arm64"", ""Slide Address: 0x0000000100000000"", ""Binary Image: 圣魔无界"", ""Base Address: 0x0000000100020000""]",0x100b978a4,0x100a4f7f4,0x100a5cc80,0x1001939d4
Application received signal SIGSEGV,1.7.1,1,2018-01-09 21:05:19,89E2F44F-51B3-336E-939E-FB4566E04ECE,arm64,"[""Application received signal SIGSEGV"", ""(null)"", ""(("", ""\t0   CoreFoundation                      0x0000000181cc237c <redacted> + 148"", ""\t1   libobjc.A.dylib                     0x0000000180f08528 objc_exception_throw + 56"", ""\t2   CoreFoundation                      0x0000000181cc22ac <redacted> + 0"", ""\t3   圣魔无界                        0x100b978a4 圣魔无界 + 12155044"", ""\t4   libsystem_platform.dylib            0x00000001818e3b40 _sigtramp + 36"", ""\t5   CoreGraphics                        0x00000001835322c0 CGDataProviderRetainBytePtr + 216"", ""\t6   CoreGraphics                        0x000000018362506c <redacted> + 64"", ""\t7   CoreGraphics                        0x000000018361c4b4 <redacted> + 124"", ""\t8   CoreGraphics                        0x000000018361fe7c <redacted> + 320"", ""\t9   CoreGraphics                        0x000000018362414c <redacted> + 7048"", ""\t10  CoreGraphics                        0x000000018362256c <redacted> + 184"", ""\t11  CoreGraphics                        0x0000000183442628 <redacted> + 308"", ""\t12  CoreGraphics                        0x00000001836371b0 <redacted> + 644"", ""\t13  CoreGraphics                        0x0000000183626fac CGContextDrawImageWithOptions + 632"", ""\t14  UIKit                               0x000000018b1b4fac <redacted> + 1816"", ""\t15  圣魔无界                        0x1000b41fc 圣魔无界 + 737788"", ""\t16  圣魔无界                        0x1000b3ff4 圣魔无界 + 737268"", ""\t17  圣魔无界                        0x1000b337c 圣魔无界 + 734076"", ""\t18  圣魔无界                        0x100242150 圣魔无界 + 2367824"", ""\t19  libdispatch.dylib                   0x000000018163ea14 <redacted> + 16"", ""\t20  libdispatch.dylib                   0x000000018164cdcc <redacted> + 68"", ""\t21  libdispatch.dylib                   0x000000018163ea14 <redacted> + 16"", ""\t22  libdispatch.dylib                   0x000000018164b698 <redacted> + 1016"", ""\t23  CoreFoundation                      0x0000000181c6a544 <redacted> + 12"", ""\t24  CoreFoundation                      0x0000000181c68120 <redacted> + 2012"", ""\t25  CoreFoundation                      0x0000000181b87e58 CFRunLoopRunSpecific + 436"", ""\t26  GraphicsServices                    0x0000000183a34f84 GSEventRunModal + 100"", ""\t27  UIKit                               0x000000018b20767c UIApplicationMain + 236"", ""\t28  圣魔无界                        0x1001939d4 圣魔无界 + 1653204"", ""\t29  libdyld.dylib                       0x00000001816a456c <redacted> + 4"", "")"", """", ""dSYM UUID: 89E2F44F-51B3-336E-939E-FB4566E04ECE"", ""CPU Type: arm64"", ""Slide Address: 0x0000000100000000"", ""Binary Image: 圣魔无界"", ""Base Address: 0x0000000100918000""]",0x100b978a4,0x1000b41fc,0x1000b3ff4,0x1000b337c,0x100242150,0x1001939d4
request for index path for global index 4644161193865379738 when there are only 102 items in the collection view,1.7.1,1,2018-01-08 15:40:50,89E2F44F-51B3-336E-939E-FB4566E04ECE,arm64,"[""request for index path for global index 4644161193865379738 when there are only 102 items in the collection view"", ""(null)"", ""(("", ""\t0   CoreFoundation                      0x00000001931f91d0 <redacted> + 148"", ""\t1   libobjc.A.dylib                     0x0000000191c3055c objc_exception_throw + 56"", ""\t2   CoreFoundation                      0x00000001931f908c <redacted> + 0"", ""\t3   Foundation                          0x0000000193cb102c <redacted> + 112"", ""\t4   UIKit                               0x00000001992807f0 <redacted> + 300"", ""\t5   UIKit                               0x00000001999a87e8 <redacted> + 220"", ""\t6   CoreFoundation                      0x00000001930da17c <redacted> + 136"", ""\t7   CoreFoundation                      0x00000001930da048 <redacted> + 180"", ""\t8   UIKit                               0x0000000199284064 <redacted> + 160"", ""\t9   UIKit                               0x00000001992815dc <redacted> + 320"", ""\t10  UIKit                               0x00000001999ab200 <redacted> + 132"", ""\t11  UIKit                               0x00000001990bc7dc <redacted> + 104"", ""\t12  UIKit                               0x00000001999aa230 <redacted> + 3224"", ""\t13  UIKit                               0x00000001999a82d0 <redacted> + 13816"", ""\t14  UIKit                               0x000000019927dd4c <redacted> + 364"", ""\t15  圣魔无界                        0x100a24104 圣魔无界 + 10633476"", ""\t16  libdispatch.dylib                   0x00000001920821fc <redacted> + 24"", ""\t17  libdispatch.dylib                   0x00000001920821bc <redacted> + 16"", ""\t18  libdispatch.dylib                   0x0000000192086d68 _dispatch_main_queue_callback_4CF + 1000"", ""\t19  CoreFoundation                      0x00000001931a6810 <redacted> + 12"", ""\t20  CoreFoundation                      0x00000001931a43fc <redacted> + 1660"", ""\t21  CoreFoundation                      0x00000001930d22b8 CFRunLoopRunSpecific + 444"", ""\t22  GraphicsServices                    0x0000000194b86198 GSEventRunModal + 180"", ""\t23  UIKit                               0x00000001991197fc <redacted> + 684"", ""\t24  UIKit                               0x0000000199114534 UIApplicationMain + 208"", ""\t25  圣魔无界                        0x1001939d4 圣魔无界 + 1653204"", ""\t26  libdyld.dylib                       0x00000001920b55b8 <redacted> + 4"", "")"", """", ""dSYM UUID: 89E2F44F-51B3-336E-939E-FB4566E04ECE"", ""CPU Type: arm64"", ""Slide Address: 0x0000000100000000"", ""Binary Image: 圣魔无界"", ""Base Address: 0x000000010006c000""]",0x100a24104,0x1001939d4
*** -[NSObject allocWithZone:]: attempt to allocate object of class 'UIView' failed,1.7.1,1,2018-01-08 20:50:07,89E2F44F-51B3-336E-939E-FB4566E04ECE,arm64,"[""*** -[NSObject allocWithZone:]: attempt to allocate object of class 'UIView' failed"", ""(null)"", ""(("", ""\t0   CoreFoundation                      0x00000001856d6ff8 <redacted> + 148"", ""\t1   libobjc.A.dylib                     0x0000000184138538 objc_exception_throw + 56"", ""\t2   CoreFoundation                      0x00000001856ddda8 <redacted> + 0"", ""\t3   圣魔无界                        0x1009ee8cc 圣魔无界 + 10414284"", ""\t4   圣魔无界                        0x1009ede0c 圣魔无界 + 10411532"", ""\t5   圣魔无界                        0x1009fd51c 圣魔无界 + 10474780"", ""\t6   UIKit                               0x000000018c10edc0 <redacted> + 1612"", ""\t7   UIKit                               0x000000018b86b85c <redacted> + 180"", ""\t8   圣魔无界                        0x100a22d6c 圣魔无界 + 10628460"", ""\t9   UIKit                               0x000000018c1024a0 <redacted> + 448"", ""\t10  UIKit                               0x000000018b8693f0 <redacted> + 3820"", ""\t11  UIKit                               0x000000018b864018 <redacted> + 300"", ""\t12  UIKit                               0x000000018b805cc0 <redacted> + 1200"", ""\t13  QuartzCore                          0x00000001889f6274 <redacted> + 148"", ""\t14  QuartzCore                          0x00000001889eade8 <redacted> + 292"", ""\t15  QuartzCore                          0x00000001889eaca8 <redacted> + 32"", ""\t16  QuartzCore                          0x000000018896634c <redacted> + 252"", ""\t17  QuartzCore                          0x000000018898d3ac <redacted> + 504"", ""\t18  QuartzCore                          0x000000018898de78 <redacted> + 120"", ""\t19  CoreFoundation                      0x00000001856849a8 <redacted> + 32"", ""\t20  CoreFoundation                      0x0000000185682630 <redacted> + 372"", ""\t21  CoreFoundation                      0x0000000185682a7c <redacted> + 956"", ""\t22  CoreFoundation                      0x00000001855b2da4 CFRunLoopRunSpecific + 424"", ""\t23  GraphicsServices                    0x000000018701d074 GSEventRunModal + 100"", ""\t24  UIKit                               0x000000018b86dc9c UIApplicationMain + 208"", ""\t25  圣魔无界                        0x1001939d4 圣魔无界 + 1653204"", ""\t26  libdyld.dylib                       0x00000001845c159c <redacted> + 4"", "")"", """", ""dSYM UUID: 89E2F44F-51B3-336E-939E-FB4566E04ECE"", ""CPU Type: arm64"", ""Slide Address: 0x0000000100000000"", ""Binary Image: 圣魔无界"", ""Base Address: 0x000000010005c000""]",0x1009ee8cc,0x1009ede0c,0x1009fd51c,0x100a22d6c,0x1001939d4
*** NSAllocateMemoryPages(2020842) failed,1.7.1,1,2018-01-08 23:29:47,89E2F44F-51B3-336E-939E-FB4566E04ECE,arm64,"[""*** NSAllocateMemoryPages(2020842) failed"", ""(null)"", ""(("", ""\t0   CoreFoundation                      0x000000018586a37c <redacted> + 148"", ""\t1   libobjc.A.dylib                     0x0000000184ab0528 objc_exception_throw + 56"", ""\t2   CoreFoundation                      0x000000018586a2ac <redacted> + 0"", ""\t3   Foundation                          0x00000001861cc4d0 NSAllocateMemoryPages + 100"", ""\t4   Foundation                          0x00000001861c0ebc <redacted> + 112"", ""\t5   Foundation                          0x000000018615e348 <redacted> + 80"", ""\t6   Foundation                          0x000000018638f070 <redacted> + 28"", ""\t7   Foundation                          0x00000001861c3c88 <redacted> + 212"", ""\t8   Foundation                          0x000000018615ec84 <redacted> + 656"", ""\t9   Foundation                          0x00000001863c12d4 <redacted> + 260"", ""\t10  Foundation                          0x000000018638f2ac <redacted> + 268"", ""\t11  Foundation                          0x000000018638d2d0 <redacted> + 2520"", ""\t12  CoreFoundation                      0x000000018586f9c8 <redacted> + 540"", ""\t13  CoreFoundation                      0x0000000185754ecc _CF_forwarding_prep_0 + 92"", ""\t14  UIKit                               0x000000018f772c6c <redacted> + 692"", ""\t15  libdispatch.dylib                   0x00000001851e6a14 <redacted> + 16"", ""\t16  libdispatch.dylib                   0x00000001851ef618 <redacted> + 56"", ""\t17  UIKit                               0x000000018f771d10 <redacted> + 172"", ""\t18  UIKit                               0x000000018f795fa4 <redacted> + 56"", ""\t19  libdispatch.dylib                   0x00000001851e6a14 <redacted> + 16"", ""\t20  libdispatch.dylib                   0x00000001851ef618 <redacted> + 56"", ""\t21  UIKit                               0x000000018f795f60 <redacted> + 84"", ""\t22  UIKit                               0x000000018f796248 <redacted> + 84"", ""\t23  CoreFoundation                      0x0000000185871cd0 <redacted> + 144"", ""\t24  CoreFoundation                      0x000000018575056c <redacted> + 292"", ""\t25  libdispatch.dylib                   0x00000001851e6a14 <redacted> + 16"", ""\t26  libdispatch.dylib                   0x00000001851ee200 <redacted> + 288"", ""\t27  FrontBoardServices                  0x0000000187f627f8 <redacted> + 36"", ""\t28  FrontBoardServices                  0x0000000187f6249c <redacted> + 404"", ""\t29  FrontBoardServices                  0x0000000187f62a38 <redacted> + 56"", ""\t30  CoreFoundation                      0x000000018581297c <redacted> + 24"", ""\t31  CoreFoundation                      0x00000001858128fc <redacted> + 88"", ""\t32  CoreFoundation                      0x00000001858121d8 <redacted> + 288"", ""\t33  CoreFoundation                      0x000000018580fd5c <redacted> + 1048"", ""\t34  CoreFoundation                      0x000000018572fe58 CFRunLoopRunSpecific + 436"", ""\t35  GraphicsServices                    0x00000001875dcf84 GSEventRunModal + 100"", ""\t36  UIKit                               0x000000018edaf67c UIApplicationMain + 236"", ""\t37  圣魔无界                        0x1001939d4 圣魔无界 + 1653204"", ""\t38  libdyld.dylib                       0x000000018524c56c <redacted> + 4"", "")"", """", ""dSYM UUID: 89E2F44F-51B3-336E-939E-FB4566E04ECE"", ""CPU Type: arm64"", ""Slide Address: 0x0000000100000000"", ""Binary Image: 圣魔无界"", ""Base Address: 0x000000010021c000""]",0x1001939d4
Application received signal SIGABRT,1.7.1,1,2018-01-08 17:27:21,89E2F44F-51B3-336E-939E-FB4566E04ECE,arm64,"[""Application received signal SIGABRT"", ""(null)"", ""(("", ""\t0   CoreFoundation                      0x000000018586a37c <redacted> + 148"", ""\t1   libobjc.A.dylib                     0x0000000184ab0528 objc_exception_throw + 56"", ""\t2   CoreFoundation                      0x000000018586a2ac <redacted> + 0"", ""\t3   圣魔无界                        0x100b978a4 圣魔无界 + 12155044"", ""\t4   libsystem_platform.dylib            0x000000018548bb40 _sigtramp + 36"", ""\t5   libsystem_pthread.dylib             0x00000001854912f8 <redacted> + 396"", ""\t6   libsystem_c.dylib                   0x00000001852eafbc abort + 140"", ""\t7   CoreUI                              0x000000018cdaf624 <redacted> + 0"", ""\t8   CoreUI                              0x000000018cdaf6d8 <redacted> + 80"", ""\t9   CoreUI                              0x000000018cdb18e0 <redacted> + 112"", ""\t10  CoreUI                              0x000000018cdb12e8 <redacted> + 60"", ""\t11  CoreUI                              0x000000018cdafb7c <redacted> + 720"", ""\t12  CoreUI                              0x000000018cdaf7dc <redacted> + 144"", ""\t13  CoreUI                              0x000000018cd2d600 <redacted> + 32"", ""\t14  CoreUI                              0x000000018cd701b0 <redacted> + 176"", ""\t15  CoreUI                              0x000000018cd6ffc0 <redacted> + 868"", ""\t16  CoreUI                              0x000000018cd79718 <redacted> + 880"", ""\t17  QuartzCore                          0x00000001897aad04 <redacted> + 108"", ""\t18  QuartzCore                          0x00000001897aa12c <redacted> + 784"", ""\t19  QuartzCore                          0x00000001897ace60 <redacted> + 472"", ""\t20  QuartzCore                          0x00000001897ad228 <redacted> + 20"", ""\t21  QuartzCore                          0x00000001898bc1a8 <redacted> + 332"", ""\t22  QuartzCore                          0x000000018981e45c <redacted> + 576"", ""\t23  QuartzCore                          0x0000000189845b90 <redacted> + 540"", ""\t24  QuartzCore                          0x00000001898469d0 <redacted> + 92"", ""\t25  CoreFoundation                      0x0000000185811edc <redacted> + 32"", ""\t26  CoreFoundation                      0x000000018580f894 <redacted> + 412"", ""\t27  CoreFoundation                      0x000000018580fe50 <redacted> + 1292"", ""\t28  CoreFoundation                      0x000000018572fe58 CFRunLoopRunSpecific + 436"", ""\t29  GraphicsServices                    0x00000001875dcf84 GSEventRunModal + 100"", ""\t30  UIKit                               0x000000018edaf67c UIApplicationMain + 236"", ""\t31  圣魔无界                        0x1001939d4 圣魔无界 + 1653204"", ""\t32  libdyld.dylib                       0x000000018524c56c <redacted> + 4"", "")"", """", ""dSYM UUID: 89E2F44F-51B3-336E-939E-FB4566E04ECE"", ""CPU Type: arm64"", ""Slide Address: 0x0000000100000000"", ""Binary Image: 圣魔无界"", ""Base Address: 0x0000000102348000""]",0x100b978a4,0x1001939d4
*** -[__NSArrayM objectAtIndexedSubscript:]: index 1 beyond bounds for empty array,1.7.1,1,2018-01-08 23:34:45,89E2F44F-51B3-336E-939E-FB4566E04ECE,arm64,"[""*** -[__NSArrayM objectAtIndexedSubscript:]: index 1 beyond bounds for empty array"", ""(null)"", ""(("", ""\t0   CoreFoundation                      0x00000001844bdd1c <redacted> + 148"", ""\t1   libobjc.A.dylib                     0x000000018370c528 objc_exception_throw + 56"", ""\t2   CoreFoundation                      0x0000000184456bd4 _CFArgv + 0"", ""\t3   CoreFoundation                      0x0000000184443d38 <redacted> + 188"", ""\t4   圣魔无界                        0x100136958 圣魔无界 + 1272152"", ""\t5   UIKit                               0x000000018da0d1d4 <redacted> + 1352"", ""\t6   UIKit                               0x000000018dab639c <redacted> + 268"", ""\t7   UIKit                               0x000000018db64f74 <redacted> + 292"", ""\t8   UIKit                               0x000000018db58318 <redacted> + 288"", ""\t9   UIKit                               0x000000018d8e7ac8 <redacted> + 132"", ""\t10  CoreFoundation                      0x0000000184465848 <redacted> + 32"", ""\t11  CoreFoundation                      0x0000000184463200 <redacted> + 412"", ""\t12  CoreFoundation                      0x00000001844637bc <redacted> + 1292"", ""\t13  CoreFoundation                      0x0000000184383fb8 CFRunLoopRunSpecific + 436"", ""\t14  GraphicsServices                    0x000000018621bf84 GSEventRunModal + 100"", ""\t15  UIKit                               0x000000018d9582f4 UIApplicationMain + 208"", ""\t16  圣魔无界                        0x1001939d4 圣魔无界 + 1653204"", ""\t17  libdyld.dylib                       0x0000000183ea656c <redacted> + 4"", "")"", """", ""dSYM UUID: 89E2F44F-51B3-336E-939E-FB4566E04ECE"", ""CPU Type: arm64"", ""Slide Address: 0x0000000100000000"", ""Binary Image: 圣魔无界"", ""Base Address: 0x0000000100c78000""]",0x100136958,0x1001939d4
Application received signal SIGABRT,1.7.1,1,2018-01-08 19:17:47,89E2F44F-51B3-336E-939E-FB4566E04ECE,arm64,"[""Application received signal SIGABRT"", ""(null)"", ""(("", ""\t0   CoreFoundation                      0x00000001918e11d0 <redacted> + 148"", ""\t1   libobjc.A.dylib                     0x000000019031855c objc_exception_throw + 56"", ""\t2   CoreFoundation                      0x00000001918e1100 <redacted> + 0"", ""\t3   圣魔无界                        0x100b978a4 圣魔无界 + 12155044"", ""\t4   libsystem_platform.dylib            0x0000000190971338 _sigtramp + 36"", ""\t5   libsystem_pthread.dylib             0x0000000190977450 pthread_kill + 112"", ""\t6   libsystem_c.dylib                   0x0000000190823400 abort + 140"", ""\t7   libsystem_malloc.dylib              0x00000001908f3a5c <redacted> + 0"", ""\t8   libsystem_malloc.dylib              0x00000001908f5028 <redacted> + 648"", ""\t9   libsystem_malloc.dylib              0x00000001908e7240 malloc_zone_realloc + 180"", ""\t10  libsqlite3.dylib                    0x0000000191e1cc34 sqlite3_value_text + 1224"", ""\t11  libsqlite3.dylib                    0x0000000191e63f38 sqlite3_rekey + 1568"", ""\t12  libsqlite3.dylib                    0x0000000191e79f78 sqlite3_rekey + 91744"", ""\t13  libsqlite3.dylib                    0x0000000191ddf03c sqlite3_exec + 40244"", ""\t14  libsqlite3.dylib                    0x0000000191dd7608 sqlite3_exec + 8960"", ""\t15  libsqlite3.dylib                    0x0000000191dd6838 sqlite3_exec + 5424"", ""\t16  libsqlite3.dylib                    0x0000000191dd5e2c sqlite3_exec + 2852"", ""\t17  libsqlite3.dylib                    0x0000000191dd5ae0 sqlite3_exec + 2008"", ""\t18  圣魔无界                        0x100b56cb8 圣魔无界 + 11889848"", ""\t19  圣魔无界                        0x100b58d4c 圣魔无界 + 11898188"", ""\t20  圣魔无界                        0x100b62d74 圣魔无界 + 11939188"", ""\t21  圣魔无界                        0x100ad8770 圣魔无界 + 11372400"", ""\t22  圣魔无界                        0x100a256bc 圣魔无界 + 10639036"", ""\t23  Foundation                          0x00000001923de46c __NSFireDelayedPerform + 428"", ""\t24  CoreFoundation                      0x000000019188f1d8 <redacted> + 28"", ""\t25  CoreFoundation                      0x000000019188eeec <redacted> + 872"", ""\t26  CoreFoundation                      0x000000019188e7a8 <redacted> + 244"", ""\t27  CoreFoundation                      0x000000019188c3a4 <redacted> + 1572"", ""\t28  CoreFoundation                      0x00000001917ba2b8 CFRunLoopRunSpecific + 444"", ""\t29  GraphicsServices                    0x000000019326e198 GSEventRunModal + 180"", ""\t30  UIKit                               0x00000001978017fc <redacted> + 684"", ""\t31  UIKit                               0x00000001977fc534 UIApplicationMain + 208"", ""\t32  圣魔无界                        0x1001939d4 圣魔无界 + 1653204"", ""\t33  libdyld.dylib                       0x000000019079d5b8 <redacted> + 4"", "")"", """", ""dSYM UUID: 89E2F44F-51B3-336E-939E-FB4566E04ECE"", ""CPU Type: arm64"", ""Slide Address: 0x0000000100000000"", ""Binary Image: 圣魔无界"", ""Base Address: 0x00000001000fc000""]",0x100b978a4,0x100b56cb8,0x100b58d4c,0x100b62d74,0x100ad8770,0x100a256bc,0x1001939d4
Application received signal SIGSEGV,1.7.1,1,2018-01-08 22:43:14,89E2F44F-51B3-336E-939E-FB4566E04ECE,arm64,"[""Application received signal SIGSEGV"", ""(null)"", ""(("", ""\t0   CoreFoundation                      0x000000018be26ff8 <redacted> + 148"", ""\t1   libobjc.A.dylib                     0x000000018a888538 objc_exception_throw + 56"", ""\t2   CoreFoundation                      0x000000018be26f28 <redacted> + 0"", ""\t3   圣魔无界                        0x100b978a4 圣魔无界 + 12155044"", ""\t4   libsystem_platform.dylib            0x000000018aee530c _sigtramp + 36"", ""\t5   CoreFoundation                      0x000000018be2f7f0 <redacted> + 1484"", ""\t6   CoreFoundation                      0x000000018bd0495c _CFXNotificationPost + 376"", ""\t7   Foundation                          0x000000018c816930 <redacted> + 68"", ""\t8   UIKit                               0x000000019222daa0 <redacted> + 240"", ""\t9   UIKit                               0x000000019275002c <redacted> + 13164"", ""\t10  UIKit                               0x00000001927518b4 <redacted> + 512"", ""\t11  UIKit                               0x000000019274c770 <redacted> + 4268"", ""\t12  UIKit                               0x000000019274cb9c <redacted> + 148"", ""\t13  CoreFoundation                      0x000000018bdd542c <redacted> + 24"", ""\t14  CoreFoundation                      0x000000018bdd4d9c <redacted> + 540"", ""\t15  CoreFoundation                      0x000000018bdd29a8 <redacted> + 744"", ""\t16  CoreFoundation                      0x000000018bd02da4 CFRunLoopRunSpecific + 424"", ""\t17  GraphicsServices                    0x000000018d76c074 GSEventRunModal + 100"", ""\t18  UIKit                               0x0000000191fbd058 UIApplicationMain + 208"", ""\t19  圣魔无界                        0x1001939d4 圣魔无界 + 1653204"", ""\t20  libdyld.dylib                       0x000000018ad1159c <redacted> + 4"", "")"", """", ""dSYM UUID: 89E2F44F-51B3-336E-939E-FB4566E04ECE"", ""CPU Type: arm64"", ""Slide Address: 0x0000000100000000"", ""Binary Image: 圣魔无界"", ""Base Address: 0x0000000100030000""]",0x100b978a4,0x1001939d4
Application received signal SIGABRT,1.7.1,1,2018-01-08 01:48:18,89E2F44F-51B3-336E-939E-FB4566E04ECE,arm64,"[""Application received signal SIGABRT"", ""(null)"", ""(("", ""\t0   CoreFoundation                      0x0000000184b1c1d8 <redacted> + 148"", ""\t1   libobjc.A.dylib                     0x000000018355455c objc_exception_throw + 56"", ""\t2   CoreFoundation                      0x0000000184b1c108 <redacted> + 0"", ""\t3   圣魔无界                        0x100b978a4 圣魔无界 + 12155044"", ""\t4   libsystem_platform.dylib            0x0000000183bab338 _sigtramp + 36"", ""\t5   libsystem_pthread.dylib             0x0000000183bb1460 pthread_kill + 112"", ""\t6   libsystem_c.dylib                   0x0000000183a5e3f4 abort + 140"", ""\t7   libsystem_malloc.dylib              0x0000000183b2ea38 <redacted> + 0"", ""\t8   libsystem_malloc.dylib              0x0000000183b2fdb8 <redacted> + 220"", ""\t9   CoreFoundation                      0x0000000184ae5008 <redacted> + 188"", ""\t10  CoreFoundation                      0x0000000184acba74 <redacted> + 216"", ""\t11  CoreFoundation                      0x0000000184adb9fc _CFStringCreateWithFormatAndArgumentsAux2 + 268"", ""\t12  Foundation                          0x00000001854fa218 <redacted> + 68"", ""\t13  圣魔无界                        0x100b745b0 圣魔无界 + 12010928"", ""\t14  圣魔无界                        0x100b9aac8 圣魔无界 + 12167880"", ""\t15  圣魔无界                        0x100b7597c 圣魔无界 + 12015996"", ""\t16  UIKit                               0x000000018b205534 <redacted> + 56"", ""\t17  UIKit                               0x000000018a97d1b0 <redacted> + 528"", ""\t18  UIKit                               0x000000018aa19d20 <redacted> + 204"", ""\t19  CoreFoundation                      0x0000000184b0d6d0 <redacted> + 76"", ""\t20  UIKit                               0x000000018a97d498 <redacted> + 1272"", ""\t21  UIKit                               0x000000018a9f12f0 <redacted> + 144"", ""\t22  UIKit                               0x000000018b33b07c <redacted> + 128"", ""\t23  UIKit                               0x000000018b33d154 <redacted> + 228"", ""\t24  UIKit                               0x000000018a99e024 <redacted> + 492"", ""\t25  UIKit                               0x000000018a99db48 <redacted> + 312"", ""\t26  UIKit                               0x000000018a99d988 <redacted> + 160"", ""\t27  QuartzCore                          0x0000000187e26404 <redacted> + 260"", ""\t28  libdispatch.dylib                   0x00000001839a51c0 <redacted> + 16"", ""\t29  libdispatch.dylib                   0x00000001839a9d6c _dispatch_main_queue_callback_4CF + 1000"", ""\t30  CoreFoundation                      0x0000000184ac9f2c <redacted> + 12"", ""\t31  CoreFoundation                      0x0000000184ac7b18 <redacted> + 1660"", ""\t32  CoreFoundation                      0x00000001849f6048 CFRunLoopRunSpecific + 444"", ""\t33  GraphicsServices                    0x0000000186479198 GSEventRunModal + 180"", ""\t34  UIKit                               0x000000018a9d0628 <redacted> + 684"", ""\t35  UIKit                               0x000000018a9cb360 UIApplicationMain + 208"", ""\t36  圣魔无界                        0x1001939d4 圣魔无界 + 1653204"", ""\t37  libdyld.dylib                       0x00000001839d85b8 <redacted> + 4"", "")"", """", ""dSYM UUID: 89E2F44F-51B3-336E-939E-FB4566E04ECE"", ""CPU Type: arm64"", ""Slide Address: 0x0000000100000000"", ""Binary Image: 圣魔无界"", ""Base Address: 0x000000010000c000""]",0x100b978a4,0x100b745b0,0x100b9aac8,0x100b7597c,0x1001939d4
Application received signal SIGSEGV,1.7.1,1,2018-01-08 00:37:21,89E2F44F-51B3-336E-939E-FB4566E04ECE,arm64,"[""Application received signal SIGSEGV"", ""(null)"", ""(("", ""\t0   CoreFoundation                      0x000000018322e37c <redacted> + 148"", ""\t1   libobjc.A.dylib                     0x0000000182474528 objc_exception_throw + 56"", ""\t2   CoreFoundation                      0x000000018322e2ac <redacted> + 0"", ""\t3   圣魔无界                        0x100b978a4 圣魔无界 + 12155044"", ""\t4   libsystem_platform.dylib            0x0000000182e4fb40 _sigtramp + 36"", ""\t5   CoreGraphics                        0x0000000184a9e2c0 CGDataProviderRetainBytePtr + 216"", ""\t6   CoreGraphics                        0x0000000184b9106c <redacted> + 64"", ""\t7   CoreGraphics                        0x0000000184b884b4 <redacted> + 124"", ""\t8   CoreGraphics                        0x0000000184b8be7c <redacted> + 320"", ""\t9   CoreGraphics                        0x0000000184b9014c <redacted> + 7048"", ""\t10  CoreGraphics                        0x0000000184b8e56c <redacted> + 184"", ""\t11  CoreGraphics                        0x00000001849ae628 <redacted> + 308"", ""\t12  CoreGraphics                        0x0000000184ba31b0 <redacted> + 644"", ""\t13  CoreGraphics                        0x0000000184b92fac CGContextDrawImageWithOptions + 632"", ""\t14  UIKit                               0x000000018c720fac <redacted> + 1816"", ""\t15  圣魔无界                        0x1000b41fc 圣魔无界 + 737788"", ""\t16  圣魔无界                        0x1000b3ff4 圣魔无界 + 737268"", ""\t17  圣魔无界                        0x1000b337c 圣魔无界 + 734076"", ""\t18  圣魔无界                        0x100242150 圣魔无界 + 2367824"", ""\t19  libdispatch.dylib                   0x0000000182baaa14 <redacted> + 16"", ""\t20  libdispatch.dylib                   0x0000000182bed30c <redacted> + 68"", ""\t21  libdispatch.dylib                   0x0000000182baaa14 <redacted> + 16"", ""\t22  libdispatch.dylib                   0x0000000182bebc80 <redacted> + 968"", ""\t23  CoreFoundation                      0x00000001831d6544 <redacted> + 12"", ""\t24  CoreFoundation                      0x00000001831d4120 <redacted> + 2012"", ""\t25  CoreFoundation                      0x00000001830f3e58 CFRunLoopRunSpecific + 436"", ""\t26  GraphicsServices                    0x0000000184fa0f84 GSEventRunModal + 100"", ""\t27  UIKit                               0x000000018c77367c UIApplicationMain + 236"", ""\t28  圣魔无界                        0x1001939d4 圣魔无界 + 1653204"", ""\t29  libdyld.dylib                       0x0000000182c1056c <redacted> + 4"", "")"", """", ""dSYM UUID: 89E2F44F-51B3-336E-939E-FB4566E04ECE"", ""CPU Type: arm64"", ""Slide Address: 0x0000000100000000"", ""Binary Image: 圣魔无界"", ""Base Address: 0x0000000100b4c000""]",0x100b978a4,0x1000b41fc,0x1000b3ff4,0x1000b337c,0x100242150,0x1001939d4
